"Path","Extension","SizeBytes","Lines"
".env.example",".example","1198","0"
".flutter-plugins-dependencies",".flutter-plugins-dependencies","22961","0"
".gitignore",".gitignore","2294","0"
".metadata",".metadata","1706","0"
"analysis_options.yaml",".yaml","1448","25"
"android/.gitignore",".gitignore","267","0"
"android/app/build.gradle.kts",".kts","1899","51"
"android/app/google-services.json",".json","1870","62"
"android/app/gs_base64.txt",".txt","1806","1"
"android/app/src/debug/AndroidManifest.xml",".xml","385","7"
"android/app/src/main/AndroidManifest.xml",".xml","5705","116"
"android/app/src/main/java/io/flutter/plugins/GeneratedPluginRegistrant.java",".java","5299","106"
"android/app/src/main/kotlin/com/example/viax/FloatingOverlayService.kt",".kt","19850","489"
"android/app/src/main/kotlin/com/example/viax/MainActivity.kt",".kt","6813","177"
"android/app/src/main/res/drawable/floating_button_bg.xml",".xml","341","13"
"android/app/src/main/res/drawable/ic_notification.xml",".xml","351","10"
"android/app/src/main/res/drawable/launch_background.xml",".xml","446","11"
"android/app/src/main/res/drawable-hdpi/ic_launcher_foreground.png",".png","38108","0"
"android/app/src/main/res/drawable-mdpi/ic_launcher_foreground.png",".png","19413","0"
"android/app/src/main/res/drawable-v21/launch_background.xml",".xml","450","11"
"android/app/src/main/res/drawable-xhdpi/ic_launcher_foreground.png",".png","63366","0"
"android/app/src/main/res/drawable-xxhdpi/ic_launcher_foreground.png",".png","136731","0"
"android/app/src/main/res/drawable-xxxhdpi/ic_launcher_foreground.png",".png","243188","0"
"android/app/src/main/res/mipmap-anydpi-v26/launcher_icon.xml",".xml","335","9"
"android/app/src/main/res/mipmap-hdpi/ic_launcher.png",".png","544","0"
"android/app/src/main/res/mipmap-hdpi/launcher_icon.png",".png","10556","0"
"android/app/src/main/res/mipmap-mdpi/ic_launcher.png",".png","442","0"
"android/app/src/main/res/mipmap-mdpi/launcher_icon.png",".png","5840","0"
"android/app/src/main/res/mipmap-xhdpi/ic_launcher.png",".png","721","0"
"android/app/src/main/res/mipmap-xhdpi/launcher_icon.png",".png","16361","0"
"android/app/src/main/res/mipmap-xxhdpi/ic_launcher.png",".png","1031","0"
"android/app/src/main/res/mipmap-xxhdpi/launcher_icon.png",".png","31198","0"
"android/app/src/main/res/mipmap-xxxhdpi/ic_launcher.png",".png","1443","0"
"android/app/src/main/res/mipmap-xxxhdpi/launcher_icon.png",".png","51546","0"
"android/app/src/main/res/values/colors.xml",".xml","167","5"
"android/app/src/main/res/values/strings.xml",".xml","273","5"
"android/app/src/main/res/values/styles.xml",".xml","1014","17"
"android/app/src/main/res/values-night/styles.xml",".xml","1013","17"
"android/app/src/profile/AndroidManifest.xml",".xml","385","7"
"android/build.gradle.kts",".kts","561","21"
"android/gradle.properties",".properties","641","15"
"android/gradle/wrapper/gradle-wrapper.jar",".jar","53636","0"
"android/gradle/wrapper/gradle-wrapper.properties",".properties","206","5"
"android/gradlew","","4971","0"
"android/gradlew.bat",".bat","2404","66"
"android/local.properties",".properties","141","4"
"android/release-keystore.jks",".jks","2734","0"
"android/settings.gradle.kts",".kts","945","25"
"android/viax.iml",".iml","1630","0"
"assets/images/google_logo.png",".png","47408","0"
"assets/images/logo.png",".png","1539203","0"
"assets/images/notification_logo.png",".png","1460123","0"
"assets/images/vehicles/auto3d.png",".png","2530204","0"
"assets/images/vehicles/iconvehicles/autoicon.png",".png","2193414","0"
"assets/images/vehicles/iconvehicles/motocarroicon.png",".png","738295","0"
"assets/images/vehicles/iconvehicles/motoicon.png",".png","2193285","0"
"assets/images/vehicles/iconvehicles/taxiicon.png",".png","2263012","0"
"assets/images/vehicles/moto3d.png",".png","1288828","0"
"assets/images/vehicles/motocarro3d.png",".png","2403226","0"
"assets/images/vehicles/taxi3d.png",".png","2540614","0"
"assets/sounds/AGREGAR_SONIDO_AQUI.md",".md","1651","40"
"assets/sounds/beep.txt",".txt","44","1"
"assets/sounds/beep.wav",".wav","56026","0"
"assets/sounds/create_beep.ps1",".ps1","180","5"
"assets/sounds/didi_notification.wav",".wav","105884","0"
"assets/sounds/notificacion/notification.mp3",".mp3","21751","0"
"assets/sounds/README.md",".md","2668","57"
"assets/sounds/request_notification.ogg",".ogg","4357992","0"
"assets/sounds/request_notification.wav",".wav","670852","0"
"assets/sounds/request_notification_backup.wav",".wav","56026","0"
"backend/.gitignore",".gitignore","2672","0"
"backend/.htaccess",".htaccess","490","0"
"backend/admin/app_config.php",".php","4912","122"
"backend/admin/aprobar_conductor.php",".php","5573","132"
"backend/admin/audit_logs.php",".php","3935","116"
"backend/admin/dashboard_stats.php",".php","6052","147"
"backend/admin/empresas.php",".php","50379","1280"
"backend/admin/get_conductores_documentos.php",".php","13016","268"
"backend/admin/get_documentos_historial.php",".php","4091","99"
"backend/admin/get_pricing_configs.php",".php","4584","114"
"backend/admin/platform_earnings.php",".php","7073","168"
"backend/admin/rechazar_conductor.php",".php","4963","120"
"backend/admin/registrar_pago_comision.php",".php","5388","119"
"backend/admin/registrar_pago_empresa.php",".php","3779","98"
"backend/admin/update_empresa_commission.php",".php","4775","130"
"backend/admin/update_pricing_config.php",".php","9026","265"
"backend/admin/user_management.php",".php","11428","276"
"backend/assets/images/logo.png",".png","1539203","0"
"backend/auth/change_password.php",".php","3410","102"
"backend/auth/check_device.php",".php","2960","71"
"backend/auth/check_user.php",".php","2571","80"
"backend/auth/email_service.php",".php","2133","55"
"backend/auth/google/callback.php",".php","12030","302"
"backend/auth/google/client_config.php",".php","1100","30"
"backend/auth/login.php",".php","6621","136"
"backend/auth/profile.php",".php","1696","35"
"backend/auth/profile_update.php",".php","3470","82"
"backend/auth/register.php",".php","7000","154"
"backend/auth/services/AuthService.php",".php","4861","150"
"backend/auth/update_phone.php",".php","3683","101"
"backend/auth/update_profile.php",".php","7626","188"
"backend/auth/verify_code.php",".php","4951","98"
"backend/chat/get_messages.php",".php","4315","136"
"backend/chat/get_unread_count.php",".php","2738","83"
"backend/chat/mark_as_read.php",".php","2490","76"
"backend/chat/send_message.php",".php","4273","131"
"backend/company/conductores_documentos.php",".php","41121","790"
"backend/company/dashboard_stats.php",".php","9747","202"
"backend/company/drivers.php",".php","2297","73"
"backend/company/get_balance.php",".php","3188","91"
"backend/company/get_conductor_transactions.php",".php","3634","100"
"backend/company/get_debtors.php",".php","4106","114"
"backend/company/pricing.php",".php","10423","243"
"backend/company/reports.php",".php","27717","694"
"backend/company/vehicles.php",".php","22526","546"
"backend/composer.json",".json","282","13"
"backend/composer.lock",".lock","6911","0"
"backend/conductor/accept_trip_request.php",".php","6046","160"
"backend/conductor/activar_conductor.php",".php","940","28"
"backend/conductor/actualizar_disponibilidad.php",".php","3516","80"
"backend/conductor/actualizar_ubicacion.php",".php","3861","86"
"backend/conductor/get_demand_zones.php",".php","10759","269"
"backend/conductor/get_estadisticas.php",".php","7227","144"
"backend/conductor/get_ganancias.php",".php","11143","209"
"backend/conductor/get_historial.php",".php","11829","251"
"backend/conductor/get_info.php",".php","4676","117"
"backend/conductor/get_pendientes_empresa.php",".php","1956","55"
"backend/conductor/get_pending_requests.php",".php","6075","157"
"backend/conductor/get_profile.php",".php","8695","200"
"backend/conductor/get_solicitudes_pendientes.php",".php","10403","257"
"backend/conductor/get_viajes_activos.php",".php","2716","69"
"backend/conductor/info.php",".php","19","2"
"backend/conductor/reject_trip_request.php",".php","1798","56"
"backend/conductor/search_companies.php",".php","2713","78"
"backend/conductor/solicitudes_vinculacion.php",".php","10110","277"
"backend/conductor/submit_verification.php",".php","4929","139"
"backend/conductor/tracking/finalize.php",".php","28230","665"
"backend/conductor/tracking/get_tracking.php",".php","9664","251"
"backend/conductor/tracking/register_point.php",".php","11916","326"
"backend/conductor/update_license.php",".php","4980","120"
"backend/conductor/update_location.php",".php","132","3"
"backend/conductor/update_profile.php",".php","8662","206"
"backend/conductor/update_trip_status.php",".php","11432","252"
"backend/conductor/update_vehicle.php",".php","10651","216"
"backend/conductor/upload_document.php",".php","4656","89"
"backend/conductor/upload_documents.php",".php","6557","148"
"backend/conductor/upload_vehicle_photo.php",".php","2809","68"
"backend/conductor/verify_biometrics.php",".php","9833","241"
"backend/confianza/calculate_score.php",".php","3682","99"
"backend/confianza/ConfianzaService.php",".php","21727","541"
"backend/config/.env",".env","1701","41"
"backend/config/.env.example",".example","1268","0"
"backend/config/.htaccess",".htaccess","267","0"
"backend/config/concurrency_service.php",".php","18621","493"
"backend/config/config.php",".php","1272","39"
"backend/config/database.php",".php","2217","52"
"backend/config/google_oauth.php",".php","894","26"
"backend/config/R2Service.php",".php","15394","337"
"backend/config/server_config.php",".php","1149","40"
"backend/config/timezone.php",".php","6486","204"
"backend/deploy.sh",".sh","715","19"
"backend/docs/admin/DEBUG_ADMIN.md",".md","3212","76"
"backend/docs/auth/README_USER_MICROSERVICE.md",".md","7280","293"
"backend/docs/conductor/README_CONDUCTOR_MICROSERVICE.md",".md","11965","435"
"backend/docs/migrations/CHECKLIST_PRODUCCION.md",".md","7656","228"
"backend/docs/migrations/GUIA_RAPIDA.md",".md","2909","77"
"backend/docs/migrations/INDEX.md",".md","8633","216"
"backend/docs/migrations/INSTALACION_006.md",".md","3381","130"
"backend/docs/migrations/LEER_PRIMERO.md",".md","4392","122"
"backend/docs/migrations/LIMPIEZA_TIPOS_VEHICULOS.md",".md","3902","90"
"backend/docs/migrations/MIGRACION_004_README.md",".md","2167","51"
"backend/docs/migrations/README.md",".md","1171","31"
"backend/docs/migrations/RESUMEN_CAMBIOS.md",".md","7382","202"
"backend/docs/README.md",".md","6174","140"
"backend/docs/TESTING_ENDPOINTS.md",".md","6596","225"
"backend/empresa/controllers/EmpresaController.php",".php","6903","211"
"backend/empresa/profile.php",".php","2498","69"
"backend/empresa/register.php",".php","3121","86"
"backend/empresa/repositories/EmpresaRepository.php",".php","16471","439"
"backend/empresa/services/EmpresaService.php",".php","19249","462"
"backend/empresa/settings.php",".php","2516","74"
"backend/empresa/validators/EmpresaValidator.php",".php","4194","129"
"backend/get_api_keys.php",".php","3474","83"
"backend/health.php",".php","551","20"
"backend/index.php",".php","3498","73"
"backend/migrations/001_create_admin_tables.sql",".sql","5797","99"
"backend/migrations/001_create_conductores_confianza_tables.sql",".sql","6508","128"
"backend/migrations/002_conductor_fields.sql",".sql","1625","25"
"backend/migrations/003_fix_usuarios_columns.sql",".sql","5473","121"
"backend/migrations/003_fix_usuarios_columns_simple.sql",".sql","693","11"
"backend/migrations/004_fix_fecha_creacion_columns.sql",".sql","1112","20"
"backend/migrations/005_add_vehicle_registration_fields.sql",".sql","1202","17"
"backend/migrations/006_add_documentos_conductor.sql",".sql","1893","25"
"backend/migrations/007_create_configuracion_precios.sql",".sql","7861","169"
"backend/migrations/007_create_configuracion_precios_moto_only.sql",".sql","6438","124"
"backend/migrations/008_device_security.sql",".sql","1810","29"
"backend/migrations/009_create_paradas_solicitud.sql",".sql","1032","20"
"backend/migrations/010_fix_postgres_sequences.sql",".sql","4959","71"
"backend/migrations/010_verification_tables.sql",".sql","1028","21"
"backend/migrations/011_add_conductor_llego_column.sql",".sql","553","10"
"backend/migrations/012_update_vehicle_types.sql",".sql","7491","198"
"backend/migrations/013_create_mensajes_chat.sql",".sql","2513","43"
"backend/migrations/015_rating_and_payment_tables.sql",".sql","3695","70"
"backend/migrations/016_payment_dispute_system.sql",".sql","4142","95"
"backend/migrations/017_fix_payment_system.sql",".sql","3490","66"
"backend/migrations/018_create_empresas_transporte.sql",".sql","4110","99"
"backend/migrations/019_add_vehicle_photo.sql",".sql","290","6"
"backend/migrations/020_create_colors_table.sql",".sql","765","25"
"backend/migrations/021_add_document_file_types.sql",".sql","3089","49"
"backend/migrations/021_add_empresa_role.sql",".sql","452","10"
"backend/migrations/022_add_empresa_to_tipo_usuario_pg.sql",".sql","779","13"
"backend/migrations/022_add_google_auth.sql",".sql","2131","49"
"backend/migrations/023_company_pricing.sql",".sql","1450","32"
"backend/migrations/024_set_commissions_zero.sql",".sql","898","22"
"backend/migrations/025_company_commission_system.sql",".sql","2665","55"
"backend/migrations/026_add_routing_to_documents.sql",".sql","864","11"
"backend/migrations/026_biometric_templates.sql",".sql","1547","25"
"backend/migrations/027_create_notifications_system.sql",".sql","10433","237"
"backend/migrations/028_require_empresa_conductor.sql",".sql","9744","230"
"backend/migrations/029_normalize_empresas_transporte.sql",".sql","12066","299"
"backend/migrations/030_empresa_tipos_vehiculo.sql",".sql","9586","231"
"backend/migrations/031_add_taxi_carro_types.sql",".sql","2388","45"
"backend/migrations/031_support_system.sql",".sql","7559","165"
"backend/migrations/032_add_taxi_vehicle.sql",".sql","2245","56"
"backend/migrations/033_add_vehiculo_empresa_to_solicitudes.sql",".sql","5846","161"
"backend/migrations/034_viaje_tracking_realtime.sql",".sql","16244","380"
"backend/migrations/035_add_price_breakdown_columns.sql",".sql","5877","72"
"backend/migrations/036_create_pagos_comision.sql",".sql","965","21"
"backend/migrations/037_concurrency_and_latency_system.sql",".sql","4612","98"
"backend/migrations/037b_functions.sql",".sql","1650","50"
"backend/migrations/add_razon_rechazo_column.sql",".sql","311","5"
"backend/migrations/ejecutar_004_simple.sql",".sql","954","23"
"backend/migrations/run_migration_003.sql",".sql","825","19"
"backend/migrations/run_migration_004.sql",".sql","1163","27"
"backend/migrations/run_migrations.php",".php","1911","56"
"backend/nixpacks.toml",".toml","366","15"
"backend/notifications/create_notification.php",".php","5109","139"
"backend/notifications/delete_notification.php",".php","4885","135"
"backend/notifications/get_notifications.php",".php","4796","144"
"backend/notifications/get_settings.php",".php","2933","85"
"backend/notifications/get_unread_count.php",".php","1912","62"
"backend/notifications/mark_as_read.php",".php","4837","136"
"backend/notifications/update_settings.php",".php","5879","162"
"backend/payment/check_dispute_status.php",".php","4053","119"
"backend/payment/report_payment_status.php",".php","10331","267"
"backend/payment/resolve_dispute.php",".php","3005","101"
"backend/pricing/calculate_quote.php",".php","8974","257"
"backend/pricing/get_config.php",".php","3905","107"
"backend/python_services/install_dependencies.bat",".bat","945","27"
"backend/python_services/requirements.txt",".txt","176","6"
"backend/python_services/verify_face.py",".py","5086","123"
"backend/r2_proxy.php",".php","648","23"
"backend/railway.json",".json","257","12"
"backend/rating/confirm_cash_payment.php",".php","4595","130"
"backend/rating/get_ratings.php",".php","4929","131"
"backend/rating/get_trip_summary.php",".php","6762","172"
"backend/rating/submit_rating.php",".php","9127","236"
"backend/README.md",".md","1319","38"
"backend/support/create_ticket.php",".php","4204","112"
"backend/support/get_categories.php",".php","1176","42"
"backend/support/get_ticket_messages.php",".php","3164","93"
"backend/support/get_tickets.php",".php","3758","112"
"backend/support/request_callback.php",".php","3131","93"
"backend/support/send_message.php",".php","4055","109"
"backend/user/cancel_trip_request.php",".php","3179","91"
"backend/user/check_active_trip.php",".php","3957","87"
"backend/user/check_solicitudes.php",".php","357","10"
"backend/user/create_trip_request.php",".php","10122","288"
"backend/user/find_nearby_drivers.php",".php","4847","141"
"backend/user/get_companies_by_municipality.php",".php","1601","51"
"backend/user/get_company_details.php",".php","5852","160"
"backend/user/get_favorite_drivers.php",".php","2549","71"
"backend/user/get_payment_summary.php",".php","3218","99"
"backend/user/get_trip_history.php",".php","10900","238"
"backend/user/get_trip_status.php",".php","9894","204"
"backend/user/rate_trip.php",".php","6468","176"
"backend/user/services/CompanyService.php",".php","25074","550"
"backend/user/toggle_favorite_driver.php",".php","2419","71"
"backend/utils/Mailer.php",".php","69859","1402"
"backend/utils/NotificationHelper.php",".php","8733","268"
"backend/utils/PdfGenerator.php",".php","12658","357"
"devtools_options.yaml",".yaml","184","3"
"docs/admin/ADMIN_NAVIGATION_UPDATE.md",".md","7008","197"
"docs/admin/DOCUMENTOS_CONDUCTORES.md",".md","9250","250"
"docs/architecture/ACLARACION_AUTH_MICROSERVICIO.md",".md","4939","117"
"docs/architecture/ADR.md",".md","9954","249"
"docs/architecture/CHANGELOG.md",".md","9506","215"
"docs/architecture/CLEAN_ARCHITECTURE.md",".md","21868","446"
"docs/architecture/EXECUTIVE_SUMMARY.md",".md","9000","230"
"docs/architecture/GUIA_RAPIDA_RUTAS.md",".md","8903","220"
"docs/architecture/INDEX.md",".md","6411","146"
"docs/architecture/INTEGRATION_GUIDE.md",".md","12686","363"
"docs/architecture/MAPA_VISUAL.md",".md","19690","385"
"docs/architecture/MICROSERVICES_CLEANUP.md",".md","12554","315"
"docs/architecture/MIGRATION_COMPLETED.md",".md","14464","370"
"docs/architecture/MIGRATION_TO_MICROSERVICES.md",".md","18541","527"
"docs/architecture/README.md",".md","14330","324"
"docs/architecture/README_LIMPIEZA.md",".md","2134","56"
"docs/architecture/REFACTORING_SUMMARY.md",".md","14332","363"
"docs/architecture/RESUMEN_LIMPIEZA.md",".md","8346","227"
"docs/architecture/USER_MICROSERVICE_MIGRATION.md",".md","13136","356"
"docs/CAMBIOS_RESEÑAS.md",".md","6375","154"
"docs/COMANDOS_UTILES.md",".md","2997","135"
"docs/conductor/BACKEND_ENDPOINTS.md",".md","12051","358"
"docs/conductor/CORRECCION_REGISTRO_VEHICULOS.md",".md","5909","138"
"docs/conductor/FIX_HISTORIAL_VIAJES.md",".md","4076","120"
"docs/conductor/GUIA_RAPIDA.md",".md","7502","259"
"docs/conductor/GUIA_VISUAL_DOCUMENTOS.md",".md","10125","169"
"docs/conductor/MEJORAS_VISUALIZACION_DOCUMENTOS.md",".md","5981","149"
"docs/conductor/NUEVAS_FUNCIONALIDADES.md",".md","12168","313"
"docs/conductor/PERFIL_ALERTA_DINAMICA.md",".md","6097","150"
"docs/conductor/RESUMEN_CARGA_DOCUMENTOS.md",".md","9040","200"
"docs/conductor/RESUMEN_IMPLEMENTACION.md",".md","8061","229"
"docs/conductor/SISTEMA_BUSQUEDA_PASAJEROS.md",".md","6217","165"
"docs/conductor/SISTEMA_CARGA_DOCUMENTOS.md",".md","12771","365"
"docs/conductor/SISTEMA_NOTIFICACION_SONIDO.md",".md","6447","168"
"docs/conductor/SOLUCION_ERROR_GPS.md",".md","2320","57"
"docs/conductor/SONIDO_INTEGRADO_SOLUCION.md",".md","4440","105"
"docs/CONFIGURACION_ENTORNOS.md",".md","9860","267"
"docs/DEPLOYMENT.md",".md","7734","210"
"docs/FLUJO_SUPLANTACION_DISPOSITIVOS.md",".md","8944","120"
"docs/general/MEJORA_BUSCADOR_NOMINATIM.md",".md","5288","136"
"docs/general/PRUEBAS_BUSQUEDA_COLOMBIA.md",".md","6971","221"
"docs/general/README.md",".md","7982","199"
"docs/general/RESUMEN_IMPLEMENTACION_NOMINATIM.md",".md","6243","187"
"docs/GUIA_RAPIDA_ENTORNOS.md",".md","4929","145"
"docs/home/HOME_FINAL_UPDATE.md",".md","6333","158"
"docs/home/HOME_MODERNIZATION.md",".md","10195","266"
"docs/IMPLEMENTACION_COMPLETADA_SISTEMA_PRECIOS.md",".md","10499","291"
"docs/INDEX.md",".md","6447","116"
"docs/mapbox/CAMBIOS_MAPBOX.md",".md","11489","270"
"docs/mapbox/CHEAT_SHEET.md",".md","7935","312"
"docs/mapbox/ESTRUCTURA.md",".md","13171","405"
"docs/mapbox/IMPLEMENTACION_COMPLETADA.md",".md","3271","120"
"docs/mapbox/INDICE_DOCUMENTACION.md",".md","8538","273"
"docs/mapbox/INICIO_RAPIDO.md",".md","4762","170"
"docs/mapbox/MAPBOX_SETUP.md",".md","8991","243"
"docs/mapbox/README_MAPBOX.md",".md","8030","217"
"docs/mapbox/RESUMEN_EJECUTIVO.md",".md","8556","245"
"docs/MEJORAS_UI_REGISTRO.md",".md","8651","256"
"docs/onboarding/ONBOARDING_DESIGN.md",".md","5306","122"
"docs/onboarding/ONBOARDING_INSTRUCTIONS.md",".md","1684","35"
"docs/REQUERIMIENTOS_FUNCIONALES_NO_FUNCIONALES.md",".md","16923","361"
"docs/RESUMEN_CAMBIOS_LOCAL.md",".md","8189","230"
"docs/SETUP_LARAGON.md",".md","10603","315"
"docs/SISTEMA_CONDUCTORES_CONFIANZA.md",".md","7789","247"
"docs/SISTEMA_PRECIOS_DOBLE_PANTALLA.md",".md","7784","217"
"docs/SISTEMA_SEGURIDAD_DISPOSITIVO.md",".md","6457","99"
"docs/SOLUCION_MAPBOX_ERROR.md",".md","3398","79"
"docs/user/GUIA_RAPIDA.md",".md","7627","238"
"docs/user/SISTEMA_SOLICITUD_VIAJES.md",".md","7823","193"
"firebase.json",".json","321","1"
"ios/.gitignore",".gitignore","603","0"
"ios/Flutter/AppFrameworkInfo.plist",".plist","800","0"
"ios/Flutter/Debug.xcconfig",".xcconfig","31","0"
"ios/Flutter/ephemeral/flutter_lldb_helper.py",".py","1276","27"
"ios/Flutter/ephemeral/flutter_lldbinit","","108","0"
"ios/Flutter/flutter_export_environment.sh",".sh","515","13"
"ios/Flutter/Generated.xcconfig",".xcconfig","485","0"
"ios/Flutter/Release.xcconfig",".xcconfig","31","0"
"ios/Runner.xcodeproj/project.pbxproj",".pbxproj","23650","0"
"ios/Runner.xcodeproj/project.xcworkspace/contents.xcworkspacedata",".xcworkspacedata","142","0"
"ios/Runner.xcodeproj/project.xcworkspace/xcshareddata/IDEWorkspaceChecks.plist",".plist","246","0"
"ios/Runner.xcodeproj/project.xcworkspace/xcshareddata/WorkspaceSettings.xcsettings",".xcsettings","234","0"
"ios/Runner.xcodeproj/xcshareddata/xcschemes/Runner.xcscheme",".xcscheme","3934","0"
"ios/Runner.xcworkspace/contents.xcworkspacedata",".xcworkspacedata","159","0"
"ios/Runner.xcworkspace/xcshareddata/IDEWorkspaceChecks.plist",".plist","246","0"
"ios/Runner.xcworkspace/xcshareddata/WorkspaceSettings.xcsettings",".xcsettings","234","0"
"ios/Runner/AppDelegate.swift",".swift","404","12"
"ios/Runner/Assets.xcassets/AppIcon.appiconset/Contents.json",".json","2097","1"
"ios/Runner/Assets.xcassets/AppIcon.appiconset/Icon-App-1024x1024@1x.png",".png","381272","0"
"ios/Runner/Assets.xcassets/AppIcon.appiconset/Icon-App-20x20@1x.png",".png","870","0"
"ios/Runner/Assets.xcassets/AppIcon.appiconset/Icon-App-20x20@2x.png",".png","2292","0"
"ios/Runner/Assets.xcassets/AppIcon.appiconset/Icon-App-20x20@3x.png",".png","3932","0"
"ios/Runner/Assets.xcassets/AppIcon.appiconset/Icon-App-29x29@1x.png",".png","1485","0"
"ios/Runner/Assets.xcassets/AppIcon.appiconset/Icon-App-29x29@2x.png",".png","3772","0"
"ios/Runner/Assets.xcassets/AppIcon.appiconset/Icon-App-29x29@3x.png",".png","6473","0"
"ios/Runner/Assets.xcassets/AppIcon.appiconset/Icon-App-40x40@1x.png",".png","2292","0"
"ios/Runner/Assets.xcassets/AppIcon.appiconset/Icon-App-40x40@2x.png",".png","5779","0"
"ios/Runner/Assets.xcassets/AppIcon.appiconset/Icon-App-40x40@3x.png",".png","9967","0"
"ios/Runner/Assets.xcassets/AppIcon.appiconset/Icon-App-50x50@1x.png",".png","3104","0"
"ios/Runner/Assets.xcassets/AppIcon.appiconset/Icon-App-50x50@2x.png",".png","7797","0"
"ios/Runner/Assets.xcassets/AppIcon.appiconset/Icon-App-57x57@1x.png",".png","3678","0"
"ios/Runner/Assets.xcassets/AppIcon.appiconset/Icon-App-57x57@2x.png",".png","9307","0"
"ios/Runner/Assets.xcassets/AppIcon.appiconset/Icon-App-60x60@2x.png",".png","9967","0"
"ios/Runner/Assets.xcassets/AppIcon.appiconset/Icon-App-60x60@3x.png",".png","18111","0"
"ios/Runner/Assets.xcassets/AppIcon.appiconset/Icon-App-72x72@1x.png",".png","4981","0"
"ios/Runner/Assets.xcassets/AppIcon.appiconset/Icon-App-72x72@2x.png",".png","12964","0"
"ios/Runner/Assets.xcassets/AppIcon.appiconset/Icon-App-76x76@1x.png",".png","5401","0"
"ios/Runner/Assets.xcassets/AppIcon.appiconset/Icon-App-76x76@2x.png",".png","14048","0"
"ios/Runner/Assets.xcassets/AppIcon.appiconset/Icon-App-83.5x83.5@2x.png",".png","16197","0"
"ios/Runner/Assets.xcassets/LaunchImage.imageset/Contents.json",".json","414","23"
"ios/Runner/Assets.xcassets/LaunchImage.imageset/LaunchImage.png",".png","68","0"
"ios/Runner/Assets.xcassets/LaunchImage.imageset/LaunchImage@2x.png",".png","68","0"
"ios/Runner/Assets.xcassets/LaunchImage.imageset/LaunchImage@3x.png",".png","68","0"
"ios/Runner/Assets.xcassets/LaunchImage.imageset/README.md",".md","340","3"
"ios/Runner/Base.lproj/LaunchScreen.storyboard",".storyboard","2414","0"
"ios/Runner/Base.lproj/Main.storyboard",".storyboard","1631","0"
"ios/Runner/GeneratedPluginRegistrant.h",".h","378","0"
"ios/Runner/GeneratedPluginRegistrant.m",".m","4338","0"
"ios/Runner/Info.plist",".plist","1824","0"
"ios/Runner/Runner-Bridging-Header.h",".h","39","0"
"ios/RunnerTests/RunnerTests.swift",".swift","297","9"
"lib/firebase_options.dart",".dart","2941","82"
"lib/main.dart",".dart","12354","301"
"lib/src/core/config/app_config.dart",".dart","6948","174"
"lib/src/core/config/env_config.dart",".dart","2981","58"
"lib/src/core/config/env_config.dart.example",".example","2383","0"
"lib/src/core/constants/app_constants.dart",".dart","3020","66"
"lib/src/core/constants/app_constants.example.dart",".dart","1640","40"
"lib/src/core/di/service_locator.dart",".dart","16690","326"
"lib/src/core/error/exceptions.dart",".dart","1533","42"
"lib/src/core/error/failures.dart",".dart","1777","47"
"lib/src/core/error/result.dart",".dart","2327","71"
"lib/src/core/network/network.dart",".dart","385","9"
"lib/src/core/network/network_resilience_service.dart",".dart","7622","233"
"lib/src/core/network/trip_sync_manager.dart",".dart","9652","274"
"lib/src/core/utils/date_time_utils.dart",".dart","9680","257"
"lib/src/features/admin/data/datasources/admin_remote_datasource.dart",".dart","8034","222"
"lib/src/features/admin/data/datasources/empresa_remote_datasource.dart",".dart","13185","365"
"lib/src/features/admin/data/models/admin_model.dart",".dart","1341","35"
"lib/src/features/admin/data/models/empresa_transporte_model.dart",".dart","10735","272"
"lib/src/features/admin/data/repositories/admin_repository_impl.dart",".dart","3831","102"
"lib/src/features/admin/data/repositories/admin_user_repository_impl.dart",".dart","2371","82"
"lib/src/features/admin/data/repositories/empresa_repository_impl.dart",".dart","1979","56"
"lib/src/features/admin/domain/entities/admin.dart",".dart","1022","41"
"lib/src/features/admin/domain/entities/empresa_transporte.dart",".dart","5466","164"
"lib/src/features/admin/domain/repositories/admin_repository.dart",".dart","873","19"
"lib/src/features/admin/domain/repositories/admin_user_repository.dart",".dart","884","31"
"lib/src/features/admin/domain/repositories/empresa_repository.dart",".dart","1209","28"
"lib/src/features/admin/domain/usecases/approve_driver.dart",".dart","518","14"
"lib/src/features/admin/domain/usecases/get_system_stats.dart",".dart","392","11"
"lib/src/features/admin/domain/usecases/get_users_usecase.dart",".dart","649","24"
"lib/src/features/admin/domain/usecases/manage_user_usecase.dart",".dart","1023","39"
"lib/src/features/admin/domain/usecases/reject_driver.dart",".dart","653","17"
"lib/src/features/admin/presentation/providers/admin_provider.dart",".dart","2564","84"
"lib/src/features/admin/presentation/providers/empresa_provider.dart",".dart","8869","302"
"lib/src/features/admin/presentation/providers/user_management_provider.dart",".dart","6496","191"
"lib/src/features/admin/presentation/screens/admin_dashboard_tab.dart",".dart","25847","677"
"lib/src/features/admin/presentation/screens/admin_home_screen.dart",".dart","13584","378"
"lib/src/features/admin/presentation/screens/admin_management_tab.dart",".dart","11958","321"
"lib/src/features/admin/presentation/screens/admin_profile_tab.dart",".dart","21161","608"
"lib/src/features/admin/presentation/screens/admin_statistics_wrapper.dart",".dart","541","16"
"lib/src/features/admin/presentation/screens/audit_logs_screen.dart",".dart","29368","752"
"lib/src/features/admin/presentation/screens/conductor_actions.dart",".dart","8419","227"
"lib/src/features/admin/presentation/screens/conductor_details_sheet.dart",".dart","23923","549"
"lib/src/features/admin/presentation/screens/conductor_historial_sheet.dart",".dart","16463","393"
"lib/src/features/admin/presentation/screens/conductores_documentos_screen.dart",".dart","16226","464"
"lib/src/features/admin/presentation/screens/document_viewer_screen.dart",".dart","24211","676"
"lib/src/features/admin/presentation/screens/empresas_management_screen.dart",".dart","56209","1425"
"lib/src/features/admin/presentation/screens/platform_earnings_screen.dart",".dart","23201","645"
"lib/src/features/admin/presentation/screens/statistics_screen.dart",".dart","29986","818"
"lib/src/features/admin/presentation/screens/users_management_screen.dart",".dart","17640","482"
"lib/src/features/admin/presentation/widgets/conductor_card.dart",".dart","19686","607"
"lib/src/features/admin/presentation/widgets/conductor_card_shimmer.dart",".dart","5820","159"
"lib/src/features/admin/presentation/widgets/documents_loading_shimmer.dart",".dart","8249","229"
"lib/src/features/admin/presentation/widgets/empresa_card.dart",".dart","17440","541"
"lib/src/features/admin/presentation/widgets/empresa_card_shimmer.dart",".dart","5941","169"
"lib/src/features/admin/presentation/widgets/empresa_commission_dialog.dart",".dart","15379","372"
"lib/src/features/admin/presentation/widgets/empresa_form.dart",".dart","38673","992"
"lib/src/features/admin/presentation/widgets/empresa_payment_sheet.dart",".dart","19290","519"
"lib/src/features/admin/presentation/widgets/user_management_widgets.dart",".dart","31331","880"
"lib/src/features/auth/data/services/colombia_location_service.dart",".dart","2049","61"
"lib/src/features/auth/data/services/empresa_register_service.dart",".dart","6019","141"
"lib/src/features/auth/presentation/screens/email_auth_screen.dart",".dart","9536","208"
"lib/src/features/auth/presentation/screens/email_verification_screen.dart",".dart","35789","751"
"lib/src/features/auth/presentation/screens/empresa_register_screen.dart",".dart","44435","1203"
"lib/src/features/auth/presentation/screens/forgot_password_screen.dart",".dart","6995","180"
"lib/src/features/auth/presentation/screens/login_screen.dart",".dart","13463","344"
"lib/src/features/auth/presentation/screens/password_recovery_verification_screen.dart",".dart","24004","600"
"lib/src/features/auth/presentation/screens/phone_auth_screen.dart",".dart","6053","156"
"lib/src/features/auth/presentation/screens/phone_required_screen.dart",".dart","17152","404"
"lib/src/features/auth/presentation/screens/register_screen.dart",".dart","19989","507"
"lib/src/features/auth/presentation/screens/reset_password_screen.dart",".dart","10179","251"
"lib/src/features/auth/presentation/screens/splash_screen.dart",".dart","17411","418"
"lib/src/features/auth/presentation/screens/welcome_screen.dart",".dart","16243","432"
"lib/src/features/auth/presentation/screens/welcome_splash_screen.dart",".dart","12615","317"
"lib/src/features/auth/presentation/widgets/logo_transition.dart",".dart","9602","278"
"lib/src/features/auth/presentation/widgets/register_step_indicator.dart",".dart","2935","78"
"lib/src/features/auth/presentation/widgets/searchable_dropdown_sheet.dart",".dart","8334","201"
"lib/src/features/company/data/datasources/company_remote_datasource.dart",".dart","16964","473"
"lib/src/features/company/data/repositories/company_repository_impl.dart",".dart","2158","55"
"lib/src/features/company/domain/entities/company_driver.dart",".dart","1295","43"
"lib/src/features/company/domain/entities/company_pricing.dart",".dart","2467","72"
"lib/src/features/company/domain/models/company_reports_model.dart",".dart","7362","232"
"lib/src/features/company/domain/repositories/company_repository.dart",".dart","758","16"
"lib/src/features/company/domain/usecases/get_company_details.dart",".dart","380","10"
"lib/src/features/company/domain/usecases/get_company_drivers.dart",".dart","422","11"
"lib/src/features/company/domain/usecases/get_company_pricing.dart",".dart","422","11"
"lib/src/features/company/domain/usecases/update_company_pricing.dart",".dart","457","11"
"lib/src/features/company/presentation/providers/company_provider.dart",".dart","10871","316"
"lib/src/features/company/presentation/screens/company_commissions_screen.dart",".dart","13593","367"
"lib/src/features/company/presentation/screens/company_conductores_documentos_screen.dart",".dart","35031","985"
"lib/src/features/company/presentation/screens/company_data_screen.dart",".dart","21036","563"
"lib/src/features/company/presentation/screens/company_drivers_screen.dart",".dart","8090","240"
"lib/src/features/company/presentation/screens/company_financial_history_sheet.dart",".dart","12459","292"
"lib/src/features/company/presentation/screens/company_home_screen.dart",".dart","8406","234"
"lib/src/features/company/presentation/screens/company_notifications_screen.dart",".dart","6577","187"
"lib/src/features/company/presentation/screens/company_pricing_screen.dart",".dart","16884","496"
"lib/src/features/company/presentation/screens/company_reports_screen.dart",".dart","8436","214"
"lib/src/features/company/presentation/screens/company_security_screen.dart",".dart","11434","286"
"lib/src/features/company/presentation/screens/tabs/company_dashboard_tab.dart",".dart","4082","92"
"lib/src/features/company/presentation/screens/tabs/company_profile_tab.dart",".dart","9740","263"
"lib/src/features/company/presentation/widgets/balance/company_balance_sheet.dart",".dart","16343","465"
"lib/src/features/company/presentation/widgets/company_logo.dart",".dart","3455","109"
"lib/src/features/company/presentation/widgets/company_widgets.dart",".dart","10158","292"
"lib/src/features/company/presentation/widgets/dashboard/dashboard_header.dart",".dart","3363","83"
"lib/src/features/company/presentation/widgets/dashboard/dashboard_menu_grid.dart",".dart","6686","199"
"lib/src/features/company/presentation/widgets/dashboard/dashboard_stats.dart",".dart","3799","115"
"lib/src/features/company/presentation/widgets/dashboard/promo_banner.dart",".dart","5183","138"
"lib/src/features/company/presentation/widgets/drivers/company_driver_card.dart",".dart","6537","176"
"lib/src/features/company/presentation/widgets/drivers/company_driver_details_sheet.dart",".dart","14642","375"
"lib/src/features/company/presentation/widgets/financial_summary_card.dart",".dart","5453","166"
"lib/src/features/company/presentation/widgets/pricing/company_pricing_card.dart",".dart","7902","201"
"lib/src/features/company/presentation/widgets/pricing/company_pricing_sheet.dart",".dart","21614","570"
"lib/src/features/company/presentation/widgets/reports/reports_chart_card.dart",".dart","12182","362"
"lib/src/features/company/presentation/widgets/reports/reports_header.dart",".dart","4492","133"
"lib/src/features/company/presentation/widgets/reports/reports_peak_hours.dart",".dart","8650","245"
"lib/src/features/company/presentation/widgets/reports/reports_shimmer.dart",".dart","9259","302"
"lib/src/features/company/presentation/widgets/reports/reports_summary_cards.dart",".dart","8582","234"
"lib/src/features/company/presentation/widgets/reports/reports_top_drivers.dart",".dart","9328","257"
"lib/src/features/company/presentation/widgets/reports/reports_vehicle_distribution.dart",".dart","11289","304"
"lib/src/features/company/presentation/widgets/vehicles/vehicle_management_sheet.dart",".dart","18779","476"
"lib/src/features/conductor/data/datasources/conductor_remote_datasource.dart",".dart","2132","46"
"lib/src/features/conductor/data/datasources/conductor_remote_datasource_impl.dart",".dart","13288","336"
"lib/src/features/conductor/data/models/conductor_profile_model.dart",".dart","6922","196"
"lib/src/features/conductor/data/repositories/conductor_repository_impl.dart",".dart","8283","230"
"lib/src/features/conductor/domain/entities/conductor_profile.dart",".dart","6266","201"
"lib/src/features/conductor/domain/repositories/conductor_repository.dart",".dart","2591","63"
"lib/src/features/conductor/domain/usecases/get_active_trips.dart",".dart","720","19"
"lib/src/features/conductor/domain/usecases/get_conductor_earnings.dart",".dart","1207","34"
"lib/src/features/conductor/domain/usecases/get_conductor_profile.dart",".dart","1145","27"
"lib/src/features/conductor/domain/usecases/get_conductor_statistics.dart",".dart","744","19"
"lib/src/features/conductor/domain/usecases/get_trip_history.dart",".dart","722","19"
"lib/src/features/conductor/domain/usecases/submit_profile_for_approval.dart",".dart","1105","28"
"lib/src/features/conductor/domain/usecases/update_conductor_availability.dart",".dart","913","26"
"lib/src/features/conductor/domain/usecases/update_conductor_location.dart",".dart","1290","36"
"lib/src/features/conductor/domain/usecases/update_conductor_profile.dart",".dart","1010","26"
"lib/src/features/conductor/domain/usecases/update_driver_license.dart",".dart","706","21"
"lib/src/features/conductor/domain/usecases/update_vehicle.dart",".dart","632","17"
"lib/src/features/conductor/models/conductor_model.dart",".dart","2849","79"
"lib/src/features/conductor/models/conductor_profile_model.dart",".dart","8099","211"
"lib/src/features/conductor/models/confianza_model.dart",".dart","3976","129"
"lib/src/features/conductor/models/demand_zone_model.dart",".dart","6054","179"
"lib/src/features/conductor/models/driver_license_model.dart",".dart","4182","107"
"lib/src/features/conductor/models/vehicle_model.dart",".dart","7353","193"
"lib/src/features/conductor/presentation/controllers/active_trip_controller.dart",".dart","31182","854"
"lib/src/features/conductor/presentation/controllers/controllers.dart",".dart","202","6"
"lib/src/features/conductor/presentation/models/trip_request_view.dart",".dart","3230","76"
"lib/src/features/conductor/presentation/providers/conductor_profile_provider_refactored.dart",".dart","5104","167"
"lib/src/features/conductor/presentation/screens/active_trip_screen.dart",".dart","41139","1132"
"lib/src/features/conductor/presentation/screens/conductor_active_trip_screen.dart",".dart","197","6"
"lib/src/features/conductor/presentation/screens/conductor_documents_screen.dart",".dart","24766","626"
"lib/src/features/conductor/presentation/screens/conductor_earnings_screen.dart",".dart","13067","374"
"lib/src/features/conductor/presentation/screens/conductor_help_screen.dart",".dart","21541","529"
"lib/src/features/conductor/presentation/screens/conductor_home_screen.dart",".dart","67900","1715"
"lib/src/features/conductor/presentation/screens/conductor_profile_screen.dart",".dart","40412","1081"
"lib/src/features/conductor/presentation/screens/conductor_requests_screen.dart",".dart","13282","392"
"lib/src/features/conductor/presentation/screens/conductor_searching_passengers_screen.dart",".dart","11454","327"
"lib/src/features/conductor/presentation/screens/conductor_settings_screen.dart",".dart","15347","398"
"lib/src/features/conductor/presentation/screens/conductor_trips_screen.dart",".dart","10795","326"
"lib/src/features/conductor/presentation/screens/conductor_vehicle_screen.dart",".dart","14229","403"
"lib/src/features/conductor/presentation/screens/documents_management_screen.dart",".dart","13386","323"
"lib/src/features/conductor/presentation/screens/driver_onboarding_screen.dart",".dart","13627","352"
"lib/src/features/conductor/presentation/screens/driver_registration_screen.dart",".dart","36901","903"
"lib/src/features/conductor/presentation/screens/vehicle_only_registration_screen.dart",".dart","26416","679"
"lib/src/features/conductor/presentation/screens/vehicle_registration_screen.dart",".dart","38981","1098"
"lib/src/features/conductor/presentation/screens/verification_status_screen.dart",".dart","20206","598"
"lib/src/features/conductor/presentation/widgets/active_trip/active_trip_widgets.dart",".dart","412","12"
"lib/src/features/conductor/presentation/widgets/active_trip/error_banner.dart",".dart","2132","66"
"lib/src/features/conductor/presentation/widgets/active_trip/loading_overlay.dart",".dart","1569","52"
"lib/src/features/conductor/presentation/widgets/active_trip/map_fallback.dart",".dart","2113","66"
"lib/src/features/conductor/presentation/widgets/active_trip/navigation_card.dart",".dart","3202","110"
"lib/src/features/conductor/presentation/widgets/active_trip/speed_indicator.dart",".dart","1802","59"
"lib/src/features/conductor/presentation/widgets/active_trip/trip_bottom_panel.dart",".dart","25525","799"
"lib/src/features/conductor/presentation/widgets/active_trip/trip_status_pill.dart",".dart","2340","74"
"lib/src/features/conductor/presentation/widgets/approval_success_dialog.dart",".dart","12885","368"
"lib/src/features/conductor/presentation/widgets/biometric_step_widget.dart",".dart","11464","325"
"lib/src/features/conductor/presentation/widgets/common/common_widgets.dart",".dart","313","9"
"lib/src/features/conductor/presentation/widgets/common/floating_button.dart",".dart","2032","67"
"lib/src/features/conductor/presentation/widgets/common/glass_button.dart",".dart","3153","104"
"lib/src/features/conductor/presentation/widgets/common/glass_container.dart",".dart","2179","69"
"lib/src/features/conductor/presentation/widgets/common/pulsing_dot.dart",".dart","1736","60"
"lib/src/features/conductor/presentation/widgets/common/radar_indicator.dart",".dart","3958","129"
"lib/src/features/conductor/presentation/widgets/components/biometric_instruction_card.dart",".dart","1974","61"
"lib/src/features/conductor/presentation/widgets/components/biometric_progress_bar.dart",".dart","1063","28"
"lib/src/features/conductor/presentation/widgets/components/company_picker_sheet.dart",".dart","6924","179"
"lib/src/features/conductor/presentation/widgets/components/image_upload_card.dart",".dart","7230","175"
"lib/src/features/conductor/presentation/widgets/components/scanner_overlay.dart",".dart","1861","58"
"lib/src/features/conductor/presentation/widgets/conductor_alerts.dart",".dart","47306","1217"
"lib/src/features/conductor/presentation/widgets/conductor_drawer.dart",".dart","17375","468"
"lib/src/features/conductor/presentation/widgets/conductor_searching_map.dart",".dart","11338","331"
"lib/src/features/conductor/presentation/widgets/conductor_stats_card.dart",".dart","2069","66"
"lib/src/features/conductor/presentation/widgets/conductor_widgets.dart",".dart","436","12"
"lib/src/features/conductor/presentation/widgets/demand_zones_overlay.dart",".dart","24555","704"
"lib/src/features/conductor/presentation/widgets/document_upload_widget.dart",".dart","38901","992"
"lib/src/features/conductor/presentation/widgets/documents/document_card.dart",".dart","10710","288"
"lib/src/features/conductor/presentation/widgets/documents/documents_empty_state.dart",".dart","4950","133"
"lib/src/features/conductor/presentation/widgets/documents/documents_shimmer.dart",".dart","1870","55"
"lib/src/features/conductor/presentation/widgets/documents/documents_summary_card.dart",".dart","9660","256"
"lib/src/features/conductor/presentation/widgets/documents/documents_widgets.dart",".dart","184","5"
"lib/src/features/conductor/presentation/widgets/earnings/earnings_breakdown.dart",".dart","9786","293"
"lib/src/features/conductor/presentation/widgets/earnings/earnings_empty_state.dart",".dart","5546","168"
"lib/src/features/conductor/presentation/widgets/earnings/earnings_period_selector.dart",".dart","5199","165"
"lib/src/features/conductor/presentation/widgets/earnings/earnings_shimmer.dart",".dart","3197","94"
"lib/src/features/conductor/presentation/widgets/earnings/earnings_stats_grid.dart",".dart","6304","190"
"lib/src/features/conductor/presentation/widgets/earnings/earnings_total_card.dart",".dart","8225","252"
"lib/src/features/conductor/presentation/widgets/earnings/earnings_widgets.dart",".dart","383","10"
"lib/src/features/conductor/presentation/widgets/favorite_driver_widgets.dart",".dart","8247","272"
"lib/src/features/conductor/presentation/widgets/help/emergency_banner.dart",".dart","4428","127"
"lib/src/features/conductor/presentation/widgets/help/faq_item.dart",".dart","5102","147"
"lib/src/features/conductor/presentation/widgets/help/help_widgets.dart",".dart","143","4"
"lib/src/features/conductor/presentation/widgets/help/support_contact_card.dart",".dart","4551","133"
"lib/src/features/conductor/presentation/widgets/request_action_panel.dart",".dart","35025","957"
"lib/src/features/conductor/presentation/widgets/route_3d_overlay.dart",".dart","10411","340"
"lib/src/features/conductor/presentation/widgets/settings/account_info_card.dart",".dart","6590","182"
"lib/src/features/conductor/presentation/widgets/settings/settings_item.dart",".dart","5056","145"
"lib/src/features/conductor/presentation/widgets/settings/settings_section.dart",".dart","2737","81"
"lib/src/features/conductor/presentation/widgets/settings/settings_toggle.dart",".dart","608","21"
"lib/src/features/conductor/presentation/widgets/settings/settings_widgets.dart",".dart","176","5"
"lib/src/features/conductor/presentation/widgets/steps/vehicle_step_widget.dart",".dart","21331","575"
"lib/src/features/conductor/presentation/widgets/trip_history/trip_detail_bottom_sheet.dart",".dart","18981","576"
"lib/src/features/conductor/presentation/widgets/trip_history/trip_filter_chips.dart",".dart","6535","205"
"lib/src/features/conductor/presentation/widgets/trip_history/trip_history_card.dart",".dart","15269","456"
"lib/src/features/conductor/presentation/widgets/trip_history/trip_history_empty_state.dart",".dart","5556","167"
"lib/src/features/conductor/presentation/widgets/trip_history/trip_history_shimmer.dart",".dart","8223","220"
"lib/src/features/conductor/presentation/widgets/trip_history/trip_history_widgets.dart",".dart","432","11"
"lib/src/features/conductor/presentation/widgets/trip_history/trip_route_info.dart",".dart","3114","114"
"lib/src/features/conductor/presentation/widgets/trip_history/trip_status_badge.dart",".dart","2831","99"
"lib/src/features/conductor/presentation/widgets/trip_request_widgets.dart",".dart","11846","407"
"lib/src/features/conductor/presentation/widgets/vehicle/vehicle_empty_state.dart",".dart","5892","151"
"lib/src/features/conductor/presentation/widgets/vehicle/vehicle_info_card.dart",".dart","8677","217"
"lib/src/features/conductor/presentation/widgets/vehicle/vehicle_shimmer.dart",".dart","3253","97"
"lib/src/features/conductor/presentation/widgets/vehicle/vehicle_status_card.dart",".dart","5151","145"
"lib/src/features/conductor/presentation/widgets/vehicle/vehicle_widgets.dart",".dart","180","5"
"lib/src/features/conductor/presentation/widgets/viaje_activo_card.dart",".dart","10478","244"
"lib/src/features/conductor/providers/conductor_earnings_provider.dart",".dart","4609","149"
"lib/src/features/conductor/providers/conductor_profile_provider.dart",".dart","14465","398"
"lib/src/features/conductor/providers/conductor_provider.dart",".dart","6475","173"
"lib/src/features/conductor/providers/conductor_trips_provider.dart",".dart","3842","109"
"lib/src/features/conductor/README.md",".md","5985","134"
"lib/src/features/conductor/services/approval_notification_service.dart",".dart","4421","97"
"lib/src/features/conductor/services/conductor_earnings_service.dart",".dart","6374","182"
"lib/src/features/conductor/services/conductor_profile_service.dart",".dart","8892","237"
"lib/src/features/conductor/services/conductor_service.dart",".dart","11596","321"
"lib/src/features/conductor/services/conductor_trips_service.dart",".dart","14772","413"
"lib/src/features/conductor/services/demand_zone_service.dart",".dart","7571","233"
"lib/src/features/conductor/services/document_upload_service.dart",".dart","5788","144"
"lib/src/features/conductor/services/navigation_launcher_service.dart",".dart","9015","260"
"lib/src/features/conductor/services/resilient_conductor_service.dart",".dart","9367","252"
"lib/src/features/conductor/services/trip_request_search_service.dart",".dart","6571","204"
"lib/src/features/conductor/services/trip_tracking_service.dart",".dart","15843","423"
"lib/src/features/conductor/services/trusted_driver_service.dart",".dart","4992","141"
"lib/src/features/conductor/utils/debug_approval_reset.dart",".dart","2147","54"
"lib/src/features/map/presentation/screens/location_picker_screen.dart",".dart","36203","829"
"lib/src/features/map/presentation/screens/location_selection_screen.dart",".dart","10357","286"
"lib/src/features/map/presentation/screens/map_example_screen.dart",".dart","14374","388"
"lib/src/features/map/presentation/widgets/location_search_widget.dart",".dart","3040","92"
"lib/src/features/map/presentation/widgets/osm_map_widget.dart",".dart","9948","281"
"lib/src/features/map/providers/map_provider.dart",".dart","8917","275"
"lib/src/features/maps/data/datasources/map_remote_datasource.dart",".dart","5684","154"
"lib/src/features/maps/data/models/location_model.dart",".dart","2382","71"
"lib/src/features/maps/data/repositories/map_repository_impl.dart",".dart","3600","97"
"lib/src/features/maps/domain/entities/location.dart",".dart","1320","48"
"lib/src/features/maps/domain/repositories/map_repository.dart",".dart","879","20"
"lib/src/features/maps/domain/usecases/calculate_route.dart",".dart","708","18"
"lib/src/features/maps/domain/usecases/geocode_address.dart",".dart","579","15"
"lib/src/features/maps/presentation/providers/map_provider.dart",".dart","2015","67"
"lib/src/features/notifications/models/notification_model.dart",".dart","7884","243"
"lib/src/features/notifications/notifications.dart",".dart","426","12"
"lib/src/features/notifications/presentation/screens/notifications_screen.dart",".dart","24756","693"
"lib/src/features/notifications/presentation/widgets/notification_widgets.dart",".dart","17873","530"
"lib/src/features/notifications/providers/notification_provider.dart",".dart","8117","244"
"lib/src/features/notifications/services/notification_service.dart",".dart","7537","210"
"lib/src/features/onboarding/presentation/screens/onboarding_screen.dart",".dart","13566","353"
"lib/src/features/profile/presentation/screens/edit_profile_screen.dart",".dart","13368","348"
"lib/src/features/profile/presentation/screens/profile_screen.dart",".dart","23126","556"
"lib/src/features/ride/presentation/screens/home_screen.dart",".dart","9556","310"
"lib/src/features/support/presentation/screens/create_ticket_screen.dart",".dart","14687","354"
"lib/src/features/support/presentation/screens/support_tickets_screen.dart",".dart","10013","296"
"lib/src/features/support/presentation/screens/ticket_chat_screen.dart",".dart","13264","390"
"lib/src/features/support/services/support_service.dart",".dart","9037","300"
"lib/src/features/test/debug_active_trips_helper.dart",".dart","2286","65"
"lib/src/features/trips/data/datasources/trip_remote_datasource.dart",".dart","13645","365"
"lib/src/features/trips/data/models/trip_model.dart",".dart","4757","123"
"lib/src/features/trips/data/repositories/trip_repository_impl.dart",".dart","7961","233"
"lib/src/features/trips/domain/entities/trip.dart",".dart","6163","179"
"lib/src/features/trips/domain/repositories/trip_repository.dart",".dart","2272","63"
"lib/src/features/trips/domain/usecases/accept_trip.dart",".dart","819","24"
"lib/src/features/trips/domain/usecases/cancel_trip.dart",".dart","866","29"
"lib/src/features/trips/domain/usecases/complete_trip.dart",".dart","1063","32"
"lib/src/features/trips/domain/usecases/create_trip.dart",".dart","1896","57"
"lib/src/features/trips/domain/usecases/get_active_trips.dart",".dart","672","18"
"lib/src/features/trips/domain/usecases/get_trip_history.dart",".dart","681","18"
"lib/src/features/trips/domain/usecases/rate_conductor.dart",".dart","949","30"
"lib/src/features/trips/domain/usecases/start_trip.dart",".dart","629","18"
"lib/src/features/trips/presentation/providers/trip_provider.dart",".dart","6689","238"
"lib/src/features/user/data/datasources/user_local_datasource.dart",".dart","1014","25"
"lib/src/features/user/data/datasources/user_local_datasource_impl.dart",".dart","5611","136"
"lib/src/features/user/data/datasources/user_remote_datasource.dart",".dart","2447","71"
"lib/src/features/user/data/datasources/user_remote_datasource_impl.dart",".dart","7979","238"
"lib/src/features/user/data/models/user_model.dart",".dart","8888","279"
"lib/src/features/user/data/repositories/user_repository_impl.dart",".dart","10230","290"
"lib/src/features/user/data/services/company_vehicle_service.dart",".dart","11462","273"
"lib/src/features/user/domain/entities/auth_session.dart",".dart","1636","51"
"lib/src/features/user/domain/entities/user.dart",".dart","6503","207"
"lib/src/features/user/domain/models/company_vehicle_models.dart",".dart","8596","247"
"lib/src/features/user/domain/models/trip_models.dart",".dart","2460","77"
"lib/src/features/user/domain/repositories/user_repository.dart",".dart","4068","118"
"lib/src/features/user/domain/usecases/get_saved_session.dart",".dart","1165","31"
"lib/src/features/user/domain/usecases/get_user_profile.dart",".dart","1618","46"
"lib/src/features/user/domain/usecases/login_user.dart",".dart","1849","54"
"lib/src/features/user/domain/usecases/logout_user.dart",".dart","522","17"
"lib/src/features/user/domain/usecases/register_user.dart",".dart","3842","111"
"lib/src/features/user/domain/usecases/update_user_location.dart",".dart","2368","70"
"lib/src/features/user/domain/usecases/update_user_profile.dart",".dart","2104","59"
"lib/src/features/user/presentation/providers/user_provider.dart",".dart","8765","293"
"lib/src/features/user/presentation/screens/confirm_trip_screen.dart",".dart","20762","569"
"lib/src/features/user/presentation/screens/enhanced_destination_screen.dart",".dart","20330","570"
"lib/src/features/user/presentation/screens/favorite_drivers_screen.dart",".dart","12177","333"
"lib/src/features/user/presentation/screens/home_user.dart",".dart","21667","554"
"lib/src/features/user/presentation/screens/location_picker_screen.dart",".dart","23680","632"
"lib/src/features/user/presentation/screens/pickup_selection_screen.dart",".dart","17815","488"
"lib/src/features/user/presentation/screens/request_trip_screen.dart",".dart","53684","1382"
"lib/src/features/user/presentation/screens/searching_driver_screen.dart",".dart","29628","807"
"lib/src/features/user/presentation/screens/settings_screen.dart",".dart","25429","689"
"lib/src/features/user/presentation/screens/trip_history_screen.dart",".dart","17487","476"
"lib/src/features/user/presentation/screens/trip_preview_screen.dart",".dart","60621","1575"
"lib/src/features/user/presentation/screens/user_active_trip_screen.dart",".dart","51456","1426"
"lib/src/features/user/presentation/screens/user_profile_screen.dart",".dart","35918","921"
"lib/src/features/user/presentation/screens/user_trip_accepted_screen.dart",".dart","33533","918"
"lib/src/features/user/presentation/screens/waiting_for_driver_screen.dart",".dart","26442","770"
"lib/src/features/user/presentation/widgets/custom_bottom_nav_bar.dart",".dart","4609","136"
"lib/src/features/user/presentation/widgets/destination/destination_widgets.dart",".dart","248","7"
"lib/src/features/user/presentation/widgets/destination/enhanced/confirm_button.dart",".dart","2248","63"
"lib/src/features/user/presentation/widgets/destination/enhanced/destination_header.dart",".dart","3538","117"
"lib/src/features/user/presentation/widgets/destination/enhanced/inline_waypoints.dart",".dart","4401","120"
"lib/src/features/user/presentation/widgets/destination/enhanced/saved_locations_row.dart",".dart","2533","71"
"lib/src/features/user/presentation/widgets/destination/enhanced/waypoint_tiles.dart",".dart","12819","325"
"lib/src/features/user/presentation/widgets/destination/enhanced/waypoints_list.dart",".dart","2927","88"
"lib/src/features/user/presentation/widgets/destination/enhanced/waypoints_panel.dart",".dart","986","34"
"lib/src/features/user/presentation/widgets/destination/inline_suggestions.dart",".dart","27160","722"
"lib/src/features/user/presentation/widgets/destination/location_card.dart",".dart","5093","140"
"lib/src/features/user/presentation/widgets/destination/location_search_sheet.dart",".dart","21279","604"
"lib/src/features/user/presentation/widgets/destination/route_map.dart",".dart","6601","229"
"lib/src/features/user/presentation/widgets/destination/stop_card.dart",".dart","4561","129"
"lib/src/features/user/presentation/widgets/destination/stop_search_sheet.dart",".dart","983","27"
"lib/src/features/user/presentation/widgets/glass_container.dart",".dart","5102","164"
"lib/src/features/user/presentation/widgets/glass_widgets.dart",".dart","21198","678"
"lib/src/features/user/presentation/widgets/home/map_loading_shimmer.dart",".dart","1218","34"
"lib/src/features/user/presentation/widgets/location_input.dart",".dart","5296","141"
"lib/src/features/user/presentation/widgets/map_location_picker_sheet.dart",".dart","15896","477"
"lib/src/features/user/presentation/widgets/map_markers.dart",".dart","13477","394"
"lib/src/features/user/presentation/widgets/pickup/pickup_bottom_panel.dart",".dart","6802","207"
"lib/src/features/user/presentation/widgets/pickup/pickup_center_button.dart",".dart","961","33"
"lib/src/features/user/presentation/widgets/pickup/pickup_center_pin.dart",".dart","5994","171"
"lib/src/features/user/presentation/widgets/pickup/pickup_header.dart",".dart","2222","64"
"lib/src/features/user/presentation/widgets/pickup/pickup_loading_overlay.dart",".dart","937","30"
"lib/src/features/user/presentation/widgets/pickup/pickup_map.dart",".dart","5295","164"
"lib/src/features/user/presentation/widgets/pickup/pickup_snapping_indicator.dart",".dart","1711","52"
"lib/src/features/user/presentation/widgets/profile/user_profile_shimmer.dart",".dart","6539","209"
"lib/src/features/user/presentation/widgets/quick_action.dart",".dart","2420","69"
"lib/src/features/user/presentation/widgets/saved_locations_widget.dart",".dart","4703","146"
"lib/src/features/user/presentation/widgets/search_suggestions_widget.dart",".dart","12029","338"
"lib/src/features/user/presentation/widgets/trip_history/trip_conductor_avatar.dart",".dart","2851","83"
"lib/src/features/user/presentation/widgets/trip_history/trip_detail_bottom_sheet.dart",".dart","23268","685"
"lib/src/features/user/presentation/widgets/trip_history/trip_history_card.dart",".dart","16547","423"
"lib/src/features/user/presentation/widgets/trip_history/trip_history_empty_state.dart",".dart","8085","208"
"lib/src/features/user/presentation/widgets/trip_history/trip_history_filters.dart",".dart","5458","166"
"lib/src/features/user/presentation/widgets/trip_history/trip_history_header.dart",".dart","7287","208"
"lib/src/features/user/presentation/widgets/trip_history/trip_history_shimmer.dart",".dart","8209","278"
"lib/src/features/user/presentation/widgets/trip_history/trip_history_summary_card.dart",".dart","7573","234"
"lib/src/features/user/presentation/widgets/trip_history/trip_history_widgets.dart",".dart","332","8"
"lib/src/features/user/presentation/widgets/trip_preview/company_details_sheet.dart",".dart","24684","700"
"lib/src/features/user/presentation/widgets/trip_preview/company_picker_sheet.dart",".dart","25932","622"
"lib/src/features/user/presentation/widgets/trip_preview/company_selector_widget.dart",".dart","8105","238"
"lib/src/features/user/presentation/widgets/trip_preview/trip_preview_top_overlay.dart",".dart","16488","438"
"lib/src/features/user/presentation/widgets/trip_preview/trip_price_formatter.dart",".dart","294","9"
"lib/src/features/user/presentation/widgets/trip_preview/trip_vehicle_bottom_sheet.dart",".dart","25342","631"
"lib/src/features/user/presentation/widgets/trip_preview/trip_vehicle_detail_sheet.dart",".dart","10263","275"
"lib/src/features/user/presentation/widgets/user_active_trip/driver_detail_sheet.dart",".dart","24835","688"
"lib/src/features/user/presentation/widgets/user_active_trip/trip_completed_dialog.dart",".dart","6965","187"
"lib/src/features/user/presentation/widgets/user_active_trip/trip_info_panel.dart",".dart","11863","351"
"lib/src/features/user/presentation/widgets/user_active_trip/trip_progress_card.dart",".dart","6555","198"
"lib/src/features/user/presentation/widgets/user_active_trip/trip_status_header.dart",".dart","5104","171"
"lib/src/features/user/presentation/widgets/user_active_trip/user_active_trip_widgets.dart",".dart","211","6"
"lib/src/features/user/presentation/widgets/user_trip_accepted/draggable_driver_panel.dart",".dart","19836","606"
"lib/src/features/user/presentation/widgets/user_trip_accepted/user_trip_accepted_driver_panel.dart",".dart","1411","44"
"lib/src/features/user/presentation/widgets/user_trip_accepted/user_trip_accepted_focus_button.dart",".dart","1215","40"
"lib/src/features/user/presentation/widgets/user_trip_accepted/user_trip_accepted_header.dart",".dart","5285","142"
"lib/src/features/user/presentation/widgets/user_trip_accepted/user_trip_accepted_map.dart",".dart","7132","211"
"lib/src/features/user/providers/user_trips_provider.dart",".dart","4055","122"
"lib/src/features/user/services/client_tracking_service.dart",".dart","7018","188"
"lib/src/features/user/services/resilient_trip_request_service.dart",".dart","7073","190"
"lib/src/features/user/services/trip_request_service.dart",".dart","11254","304"
"lib/src/features/user/services/user_trips_service.dart",".dart","11153","315"
"lib/src/global/config/api_config.dart",".dart","778","18"
"lib/src/global/models/simple_location.dart",".dart","3494","107"
"lib/src/global/providers/location_provider.dart",".dart","4618","130"
"lib/src/global/services/active_trip_navigation_service.dart",".dart","10589","279"
"lib/src/global/services/admin/admin_service.dart",".dart","20496","583"
"lib/src/global/services/app_secrets_service.dart",".dart","3448","86"
"lib/src/global/services/auth/google_auth_service.dart",".dart","9462","294"
"lib/src/global/services/auth/user_service.dart",".dart","33570","886"
"lib/src/global/services/chat_service.dart",".dart","10915","322"
"lib/src/global/services/device_id_service.dart",".dart","2651","63"
"lib/src/global/services/dispute_service.dart",".dart","6853","198"
"lib/src/global/services/email_service.dart",".dart","5565","164"
"lib/src/global/services/google_places_service.dart",".dart","14936","414"
"lib/src/global/services/local_notification_service.dart",".dart","4460","109"
"lib/src/global/services/location_service.dart",".dart","4823","136"
"lib/src/global/services/location_suggestion_service.dart",".dart","7109","224"
"lib/src/global/services/map_service.dart",".dart","935","23"
"lib/src/global/services/mapbox_service.dart",".dart","22770","582"
"lib/src/global/services/quota_monitor_service.dart",".dart","8380","204"
"lib/src/global/services/rating_service.dart",".dart","7953","224"
"lib/src/global/services/sound_service.dart",".dart","6572","156"
"lib/src/global/services/system_overlay_service.dart",".dart","7118","190"
"lib/src/global/services/traffic_service.dart",".dart","9064","269"
"lib/src/global/services/trip_persistence_service.dart",".dart","4387","116"
"lib/src/global/widgets/active_trip_alert.dart",".dart","14024","330"
"lib/src/global/widgets/chat/chat_bubble.dart",".dart","7932","213"
"lib/src/global/widgets/chat/chat_button.dart",".dart","5156","164"
"lib/src/global/widgets/chat/chat_input_field.dart",".dart","5102","151"
"lib/src/global/widgets/chat/chat_screen.dart",".dart","13268","402"
"lib/src/global/widgets/chat/chat_widgets.dart",".dart","276","9"
"lib/src/global/widgets/chat/quick_messages.dart",".dart","12722","421"
"lib/src/global/widgets/dispute/dispute_alert_overlay.dart",".dart","13533","350"
"lib/src/global/widgets/floating_trip_fab.dart",".dart","9859","310"
"lib/src/global/widgets/trip_completion/client_payment_confirm_card.dart",".dart","12201","335"
"lib/src/global/widgets/trip_completion/payment_status_card.dart",".dart","12620","351"
"lib/src/global/widgets/trip_completion/star_rating_widget.dart",".dart","5755","194"
"lib/src/global/widgets/trip_completion/trip_completion_screen.dart",".dart","49759","1260"
"lib/src/global/widgets/trip_completion/trip_completion_widgets.dart",".dart","380","10"
"lib/src/global/widgets/trip_completion/trip_summary_card.dart",".dart","8193","262"
"lib/src/providers/database_provider.dart",".dart","1710","45"
"lib/src/routes/animated_routes.dart",".dart","1383","32"
"lib/src/routes/app_router.dart",".dart","23525","543"
"lib/src/routes/route_names.dart",".dart","3166","66"
"lib/src/shared/widgets/company_logo.dart",".dart","2902","84"
"lib/src/shared/widgets/resilient_action_button.dart",".dart","13658","466"
"lib/src/theme/app_colors.dart",".dart","5348","131"
"lib/src/theme/app_theme.dart",".dart","13699","333"
"lib/src/theme/theme.dart",".dart","625","22"
"lib/src/theme/theme_provider.dart",".dart","4969","145"
"lib/src/theme/widgets/theme_toggle_button.dart",".dart","8249","246"
"lib/src/widgets/auth_text_area.dart",".dart","4791","130"
"lib/src/widgets/auth_text_field.dart",".dart","4280","124"
"lib/src/widgets/auth_wrapper.dart",".dart","10799","262"
"lib/src/widgets/dialogs/admin_dialog_helper.dart",".dart","30562","791"
"lib/src/widgets/dialogs/custom_dialog.dart",".dart","12437","316"
"lib/src/widgets/dialogs/dialog_helper.dart",".dart","4055","126"
"lib/src/widgets/dialogs/dialogs_example_screen.dart",".dart","8876","222"
"lib/src/widgets/dialogs/logout_dialog.dart",".dart","7339","192"
"lib/src/widgets/entrance_fader.dart",".dart","1692","52"
"lib/src/widgets/help/emergency_banner.dart",".dart","4411","126"
"lib/src/widgets/help/faq_item.dart",".dart","5104","147"
"lib/src/widgets/help/help_screen.dart",".dart","28665","723"
"lib/src/widgets/help/help_widgets.dart",".dart","143","4"
"lib/src/widgets/help/support_contact_card.dart",".dart","4553","133"
"lib/src/widgets/profile_photo_picker.dart",".dart","12645","393"
"lib/src/widgets/quota_alert_widget.dart",".dart","14115","448"
"lib/src/widgets/README.md",".md","7474","237"
"lib/src/widgets/snackbars/custom_snackbar.dart",".dart","7516","230"
"LICENSE","","820","0"
"LICENSE.md",".md","1427","15"
"linux/.gitignore",".gitignore","19","0"
"linux/CMakeLists.txt",".txt","4875","104"
"linux/flutter/CMakeLists.txt",".txt","2903","79"
"linux/flutter/generated_plugin_registrant.cc",".cc","1004","0"
"linux/flutter/generated_plugin_registrant.h",".h","303","0"
"linux/flutter/generated_plugins.cmake",".cmake","803","0"
"linux/runner/CMakeLists.txt",".txt","1000","21"
"linux/runner/main.cc",".cc","186","0"
"linux/runner/my_application.cc",".cc","5484","0"
"linux/runner/my_application.h",".h","406","0"
"macos/.gitignore",".gitignore","96","0"
"macos/Flutter/ephemeral/flutter_export_environment.sh",".sh","477","12"
"macos/Flutter/ephemeral/Flutter-Generated.xcconfig",".xcconfig","378","0"
"macos/Flutter/Flutter-Debug.xcconfig",".xcconfig","49","0"
"macos/Flutter/Flutter-Release.xcconfig",".xcconfig","49","0"
"macos/Flutter/GeneratedPluginRegistrant.swift",".swift","1493","29"
"macos/Runner.xcodeproj/project.pbxproj",".pbxproj","27048","0"
"macos/Runner.xcodeproj/project.xcworkspace/xcshareddata/IDEWorkspaceChecks.plist",".plist","246","0"
"macos/Runner.xcodeproj/xcshareddata/xcschemes/Runner.xcscheme",".xcscheme","3786","0"
"macos/Runner.xcworkspace/contents.xcworkspacedata",".xcworkspacedata","159","0"
"macos/Runner.xcworkspace/xcshareddata/IDEWorkspaceChecks.plist",".plist","246","0"
"macos/Runner/AppDelegate.swift",".swift","324","11"
"macos/Runner/Assets.xcassets/AppIcon.appiconset/app_icon_1024.png",".png","102994","0"
"macos/Runner/Assets.xcassets/AppIcon.appiconset/app_icon_128.png",".png","5680","0"
"macos/Runner/Assets.xcassets/AppIcon.appiconset/app_icon_16.png",".png","520","0"
"macos/Runner/Assets.xcassets/AppIcon.appiconset/app_icon_256.png",".png","14142","0"
"macos/Runner/Assets.xcassets/AppIcon.appiconset/app_icon_32.png",".png","1066","0"
"macos/Runner/Assets.xcassets/AppIcon.appiconset/app_icon_512.png",".png","36406","0"
"macos/Runner/Assets.xcassets/AppIcon.appiconset/app_icon_64.png",".png","2218","0"
"macos/Runner/Assets.xcassets/AppIcon.appiconset/Contents.json",".json","1359","68"
"macos/Runner/Base.lproj/MainMenu.xib",".xib","24072","0"
"macos/Runner/Configs/AppInfo.xcconfig",".xcconfig","609","0"
"macos/Runner/Configs/Debug.xcconfig",".xcconfig","79","0"
"macos/Runner/Configs/Release.xcconfig",".xcconfig","81","0"
"macos/Runner/Configs/Warnings.xcconfig",".xcconfig","593","0"
"macos/Runner/DebugProfile.entitlements",".entitlements","360","0"
"macos/Runner/Info.plist",".plist","1092","0"
"macos/Runner/MainFlutterWindow.swift",".swift","403","12"
"macos/Runner/Release.entitlements",".entitlements","248","0"
"macos/RunnerTests/RunnerTests.swift",".swift","302","9"
"pubspec.lock",".lock","44397","0"
"pubspec.yaml",".yaml","2101","80"
"README.md",".md","13516","311"
"scripts/count_parens.py",".py","996","27"
"test/device_id_service_test.dart",".dart","507","13"
"test/test_backend.dart",".dart","4488","122"
"test/widget_test.dart",".dart","798","16"
"web/favicon.png",".png","1034","0"
"web/icons/Icon-192.png",".png","51546","0"
"web/icons/Icon-512.png",".png","341060","0"
"web/icons/Icon-maskable-192.png",".png","51546","0"
"web/icons/Icon-maskable-512.png",".png","341060","0"
"web/index.html",".html","1244","31"
"web/manifest.json",".json","904","35"
"windows/.gitignore",".gitignore","308","0"
"windows/CMakeLists.txt",".txt","4252","89"
"windows/flutter/CMakeLists.txt",".txt","3851","98"
"windows/flutter/generated_plugin_registrant.cc",".cc","1193","0"
"windows/flutter/generated_plugin_registrant.h",".h","302","0"
"windows/flutter/generated_plugins.cmake",".cmake","917","0"
"windows/runner/CMakeLists.txt",".txt","1836","34"
"windows/runner/flutter_window.cpp",".cpp","2193","0"
"windows/runner/flutter_window.h",".h","961","0"
"windows/runner/main.cpp",".cpp","1300","0"
"windows/runner/resource.h",".h","448","0"
"windows/runner/resources/app_icon.ico",".ico","5862","0"
"windows/runner/runner.exe.manifest",".manifest","616","0"
"windows/runner/Runner.rc",".rc","3134","0"
"windows/runner/utils.cpp",".cpp","1862","0"
"windows/runner/utils.h",".h","691","0"
"windows/runner/win32_window.cpp",".cpp","8822","0"
"windows/runner/win32_window.h",".h","3624","0"
